"Difficulty	Score",,completionTime,dateBuffer
Easy,282,19s,2024-12-01 02:18
Easy,266,25s,2024-12-01 02:19
Medium,249,49s,2024-12-01 02:25
Easy,230,21s,2024-12-01 02:31
Easy,286,15s,2024-12-01 02:38
Easy,273,30s,2024-12-01 02:47
Medium,257,35s,2024-12-15 21:41
Easy,264,39s,2024-12-25 15:59
Easy,300,5s,2024-12-25 16:45
Easy,251,51s,2024-12-25 17:35
Easy,262,40s,2024-12-25 17:50
Easy,260,34s,2024-12-25 18:08
Easy,280,22s,2024-12-25 21:09
Medium,300,0s,2024-12-27 12:06
Hard,92,60s,2024-12-27 12:36
Easy,300,1s,2024-12-27 12:38
Easy,231,20s,2024-12-27 14:20
Medium,253,49s,2024-12-27 14:22
Hard,113,84s,2024-12-27 14:27
Easy,280,22s,2024-12-27 19:20
Hard,240,62s,2024-12-27 19:21
Medium,265,36s,2024-12-27 19:55
Easy,277,24s,2024-12-27 20:05
Easy,276,27s,2024-12-27 21:56
Hard,244,78s,2024-12-27 21:57
Hard,242,61s,2024-12-28 02:45
Easy,285,22s,2024-12-29 22:39
Medium,276,26s,2024-12-29 22:48
Easy,169,33s,2024-12-29 22:49
Easy,284,17s,2024-12-29 22:50
Easy,285,17s,2024-12-29 22:51
